Date,Away,Away_3rdQ,Away_Score,Home,Home_3rdQ,Home_Score
1027,Cleveland Cavaliers,68,95,Chicago Bulls,71,97
1027,Detroit Pistons,82,106,Atlanta Hawks,66,94
1027,New Orleans Pelicans,75,95,Golden State Warriors,94,111
1028,Washington Wizards,65,88,Orlando Magic,67,87
1028,Philadelphia 76ers,67,95,Boston Celtics,79,112
1028,Indiana Pacers,68,99,Toronto Raptors,72,106
1028,Chicago Bulls,86,115,Brooklyn Nets,71,100
1028,Charlotte Hornets,60,94,Miami Heat,73,104
1028,Utah Jazz,64,87,Detroit Pistons,69,92
1028,San Antonio Spurs,83,106,Oklahoma City Thunder,79,112
1028,New York Knicks,90,122,Milwaukee Bucks,73,97
1028,Denver Nuggets,76,105,Houston Rockets,63,85
1028,Cleveland Cavaliers,79,106,Memphis Grizzlies,55,76
1028,New Orleans Pelicans,67,94,Portland Trail Blazers,87,112
1028,Dallas Mavericks,88,111,Phoenix Suns,66,95
1028,LA Clippers,85,111,Sacramento Kings,74,104
1028,Minnesota Timberwolves,88,112,Los Angeles Lakers,95,111
1029,Memphis Grizzlies,73,112,Indiana Pacers,75,103
1029,Atlanta Hawks,84,112,New York Knicks,72,101
1029,Dallas Mavericks,68,88,LA Clippers,85,104
1030,Miami Heat,67,92,Cleveland Cavaliers,76,102
1030,Utah Jazz,74,99,Philadelphia 76ers,53,71
1030,Oklahoma City Thunder,75,139,Orlando Magic,93,136
1030,Toronto Raptors,84,113,Boston Celtics,75,103
1030,Chicago Bulls,64,94,Detroit Pistons,64,98
1030,Washington Wizards,82,118,Milwaukee Bucks,92,113
1030,Charlotte Hornets,69,94,Atlanta Hawks,76,97
1030,Brooklyn Nets,64,75,San Antonio Spurs,76,102
1030,Minnesota Timberwolves,79,95,Denver Nuggets,63,78
1030,Golden State Warriors,81,112,Houston Rockets,65,92
1030,Los Angeles Lakers,83,114,Sacramento Kings,102,132
1030,Portland Trail Blazers,69,92,Phoenix Suns,83,110
1031,Utah Jazz,70,97,Indiana Pacers,61,76
1031,New York Knicks,87,117,Washington Wizards,90,110
1031,Golden State Warriors,105,134,New Orleans Pelicans,91,120
1031,Brooklyn Nets,69,91,Memphis Grizzlies,79,101
1031,Phoenix Suns,74,101,Portland Trail Blazers,71,90
1031,Sacramento Kings,79,109,LA Clippers,83,114
1101,Atlanta Hawks,70,94,Charlotte Hornets,76,92
1101,San Antonio Spurs,64,95,Boston Celtics,54,87
1101,Milwaukee Bucks,71,87,Toronto Raptors,81,106
1101,Houston Rockets,75,89,Miami Heat,75,109
1101,Orlando Magic,63,87,Chicago Bulls,75,92
1101,Denver Nuggets,70,93,Oklahoma City Thunder,95,117
1101,Dallas Mavericks,81,103,Los Angeles Lakers,64,93
1102,Cleveland Cavaliers,82,107,Philadelphia 76ers,72,100
1102,San Antonio Spurs,70,94,New York Knicks,65,84
1102,Milwaukee Bucks,80,103,Brooklyn Nets,80,96
1102,Oklahoma City Thunder,79,105,Houston Rockets,82,110
1102,Portland Trail Blazers,83,106,Minnesota Timberwolves,80,101
1102,Memphis Grizzlies,49,69,Golden State Warriors,93,119
1102,Phoenix Suns,72,96,LA Clippers,75,102
1103,Chicago Bulls,77,105,Charlotte Hornets,100,130
1103,Atlanta Hawks,79,98,Miami Heat,65,92
1103,Indiana Pacers,85,94,Detroit Pistons,67,82
1103,Orlando Magic,78,103,New Orleans Pelicans,69,94
1103,Toronto Raptors,74,102,Dallas Mavericks,73,91
1103,Memphis Grizzlies,83,103,Sacramento Kings,67,89
1103,Denver Nuggets,93,120,Los Angeles Lakers,83,109
1104,San Antonio Spurs,73,99,Washington Wizards,66,102
1104,Boston Celtics,72,98,Indiana Pacers,73,100
1104,New York Knicks,69,86,Cleveland Cavaliers,70,96
1104,Brooklyn Nets,70,87,Atlanta Hawks,72,101
1104,Philadelphia 76ers,67,87,Milwaukee Bucks,68,91
1104,Orlando Magic,88,114,Houston Rockets,90,119
1104,Toronto Raptors,73,103,Oklahoma City Thunder,81,98
1104,Portland Trail Blazers,76,108,Utah Jazz,68,92
1104,Sacramento Kings,69,97,Phoenix Suns,81,118
1104,LA Clippers,83,108,Golden State Warriors,82,112
1105,Oklahoma City Thunder,73,98,Chicago Bulls,76,104
1105,Miami Heat,73,96,Minnesota Timberwolves,61,84
1105,Charlotte Hornets,78,108,Dallas Mavericks,67,94
1105,Utah Jazz,65,96,Denver Nuggets,64,84
1105,Memphis Grizzlies,71,96,Portland Trail Blazers,90,115
1106,Toronto Raptors,69,87,Orlando Magic,64,92
1106,Los Angeles Lakers,79,104,Brooklyn Nets,72,98
1106,Washington Wizards,74,98,Boston Celtics,100,118
1106,Philadelphia 76ers,73,102,Cleveland Cavaliers,81,108
1106,Milwaukee Bucks,75,99,New York Knicks,73,92
1106,Miami Heat,68,87,Indiana Pacers,71,90
1106,Atlanta Hawks,89,121,New Orleans Pelicans,79,115
1106,Detroit Pistons,67,100,Phoenix Suns,63,92
1106,Houston Rockets,85,116,Sacramento Kings,78,110
1106,Denver Nuggets,75,104,Golden State Warriors,99,119
1107,Minnesota Timberwolves,76,102,Chicago Bulls,77,93
1107,Orlando Magic,81,105,Philadelphia 76ers,73,97
1107,Washington Wizards,78,99,Atlanta Hawks,75,114
1107,Charlotte Hornets,76,94,San Antonio Spurs,93,114
1107,Brooklyn Nets,61,86,Milwaukee Bucks,67,94
1107,New Orleans Pelicans,70,98,Dallas Mavericks,72,107
1107,Memphis Grizzlies,57,79,Utah Jazz,77,89
1107,Golden State Warriors,72,103,Sacramento Kings,68,94
1107,Houston Rockets,83,109,LA Clippers,78,105
1108,Los Angeles Lakers,70,95,New York Knicks,71,99
1108,Indiana Pacers,73,97,Cleveland Cavaliers,74,101
1108,Toronto Raptors,63,76,Miami Heat,74,96
1108,Phoenix Suns,77,103,Oklahoma City Thunder,89,124
1108,Detroit Pistons,79,120,Portland Trail Blazers,92,103
1109,Chicago Bulls,76,111,Philadelphia 76ers,62,88
1109,Orlando Magic,71,84,Indiana Pacers,72,97
1109,Minnesota Timberwolves,93,117,Atlanta Hawks,84,107
1109,Portland Trail Blazers,80,104,Denver Nuggets,79,108
1109,San Antonio Spurs,72,106,Sacramento Kings,69,88
1109,Memphis Grizzlies,66,92,LA Clippers,70,94
1109,Detroit Pistons,76,95,Golden State Warriors,80,109
1110,Oklahoma City Thunder,97,125,Washington Wizards,71,101
1110,Utah Jazz,80,114,Cleveland Cavaliers,80,118
1110,Los Angeles Lakers,66,88,Miami Heat,75,101
1110,New York Knicks,85,111,Toronto Raptors,85,109
1110,Dallas Mavericks,75,105,New Orleans Pelicans,94,120
1110,Charlotte Hornets,85,104,Minnesota Timberwolves,80,95
1110,Boston Celtics,76,99,Milwaukee Bucks,59,83
1111,Los Angeles Lakers,70,99,Orlando Magic,74,101
1111,Toronto Raptors,96,119,Philadelphia 76ers,77,103
1111,New York Knicks,79,93,Charlotte Hornets,69,95
1111,Indiana Pacers,81,102,Boston Celtics,74,91
1111,LA Clippers,78,108,Dallas Mavericks,84,118
1111,New Orleans Pelicans,75,98,Atlanta Hawks,76,106
1111,Golden State Warriors,74,100,Memphis Grizzlies,63,84
1111,Brooklyn Nets,79,106,Houston Rockets,83,98
1111,Milwaukee Bucks,80,102,Denver Nuggets,87,103
1111,Detroit Pistons,70,92,Sacramento Kings,86,101
1111,San Antonio Spurs,81,113,Portland Trail Blazers,75,101
1112,Utah Jazz,66,91,Miami Heat,66,92
1112,Golden State Warriors,97,129,Minnesota Timberwolves,87,116
1112,LA Clippers,73,104,Phoenix Suns,93,118
1113,Utah Jazz,63,93,Orlando Magic,80,102
1113,Minnesota Timberwolves,73,103,Indiana Pacers,90,107
1113,Cleveland Cavaliers,66,90,New York Knicks,72,84
1113,New Orleans Pelicans,61,81,Toronto Raptors,72,100
1113,Atlanta Hawks,69,93,Boston Celtics,80,106
1113,Philadelphia 76ers,61,85,Oklahoma City Thunder,71,102
1113,Portland Trail Blazers,70,100,Memphis Grizzlies,79,101
1113,Charlotte Hornets,75,97,Chicago Bulls,73,102
1113,Los Angeles Lakers,55,82,Dallas Mavericks,64,90
1113,Houston Rockets,74,98,Denver Nuggets,82,107
1113,Brooklyn Nets,82,109,Sacramento Kings,85,111
1114,Detroit Pistons,80,96,LA Clippers,81,101
1114,Orlando Magic,76,99,Washington Wizards,79,108
1114,Dallas Mavericks,82,110,Houston Rockets,67,98
1114,Cleveland Cavaliers,61,105,Milwaukee Bucks,70,108
1114,Philadelphia 76ers,60,83,San Antonio Spurs,76,92
1114,Denver Nuggets,54,81,Phoenix Suns,88,105
1114,Brooklyn Nets,77,99,Golden State Warriors,70,107
1115,New Orleans Pelicans,65,87,New York Knicks,68,95
1115,Memphis Grizzlies,81,114,Minnesota Timberwolves,79,106
1115,Portland Trail Blazers,66,94,Charlotte Hornets,89,106
1115,Utah Jazz,74,97,Atlanta Hawks,74,96
1115,Boston Celtics,72,100,Oklahoma City Thunder,74,85
1115,Toronto Raptors,82,101,Sacramento Kings,79,107
1115,Detroit Pistons,66,85,Los Angeles Lakers,66,97
1116,Dallas Mavericks,68,92,Philadelphia 76ers,65,86
1116,Indiana Pacers,75,95,Chicago Bulls,79,96
1116,Boston Celtics,87,111,Houston Rockets,68,95
1116,Oklahoma City Thunder,80,114,Memphis Grizzlies,79,122
1116,Portland Trail Blazers,60,80,San Antonio Spurs,65,93
1116,Los Angeles Lakers,75,101,Phoenix Suns,80,120
1117,Milwaukee Bucks,66,86,Washington Wizards,85,115
1117,Atlanta Hawks,68,88,Brooklyn Nets,72,90
1117,Minnesota Timberwolves,62,103,Miami Heat,69,91
1117,Cleveland Cavaliers,81,99,Detroit Pistons,75,104
1117,Charlotte Hornets,72,94,New York Knicks,80,102
1117,Denver Nuggets,83,115,New Orleans Pelicans,75,98
1117,Toronto Raptors,83,110,Golden State Warriors,90,115
1118,Indiana Pacers,84,112,Philadelphia 76ers,62,85
1118,Minnesota Timberwolves,76,101,Orlando Magic,71,104
1118,Brooklyn Nets,86,111,Charlotte Hornets,86,116
1118,Dallas Mavericks,70,106,Boston Celtics,78,102
1118,New Orleans Pelicans,74,103,Oklahoma City Thunder,80,110
1118,Portland Trail Blazers,76,103,Houston Rockets,61,108
1118,Sacramento Kings,79,97,Atlanta Hawks,81,103
1118,Denver Nuggets,79,98,San Antonio Spurs,93,109
1118,Toronto Raptors,64,89,Utah Jazz,59,93
1118,Chicago Bulls,72,103,Phoenix Suns,70,97
1119,Sacramento Kings,76,109,Miami Heat,82,116
1119,Milwaukee Bucks,79,100,Cleveland Cavaliers,86,115
1119,Golden State Warriors,85,124,LA Clippers,91,117
1120,Philadelphia 76ers,70,88,Charlotte Hornets,85,113
1120,Brooklyn Nets,67,95,Boston Celtics,91,120
1120,Detroit Pistons,68,96,Minnesota Timberwolves,65,86
1120,New York Knicks,73,93,Oklahoma City Thunder,62,90
1120,San Antonio Spurs,74,90,New Orleans Pelicans,78,104
1120,Houston Rockets,70,84,Memphis Grizzlies,79,96
1120,Utah Jazz,71,93,Dallas Mavericks,80,102
1120,Phoenix Suns,80,114,Denver Nuggets,84,107
1120,LA Clippers,73,91,Portland Trail Blazers,75,102
1120,Chicago Bulls,73,94,Golden State Warriors,77,106
1120,Toronto Raptors,76,102,Los Angeles Lakers,68,91
1121,Sacramento Kings,83,97,Orlando Magic,67,91
1121,Milwaukee Bucks,67,86,Indiana Pacers,90,123
1121,Atlanta Hawks,64,97,Cleveland Cavaliers,77,109
1121,Philadelphia 76ers,74,91,Miami Heat,67,96
1121,Washington Wizards,75,97,Detroit Pistons,73,95
1121,New York Knicks,79,107,Houston Rockets,77,102
1121,Memphis Grizzlies,61,82,San Antonio Spurs,74,92
1122,Toronto Raptors,71,91,LA Clippers,55,80
1122,Phoenix Suns,85,116,New Orleans Pelicans,92,122
1122,Boston Celtics,78,101,Brooklyn Nets,86,111
1122,Dallas Mavericks,85,114,Oklahoma City Thunder,87,117
1122,Golden State Warriors,91,118,Denver Nuggets,79,105
1122,Portland Trail Blazers,84,107,Los Angeles Lakers,74,93
1123,Orlando Magic,76,103,Cleveland Cavaliers,92,117
1123,Sacramento Kings,91,122,Charlotte Hornets,74,127
1123,New York Knicks,56,78,Miami Heat,73,95
1123,Philadelphia 76ers,73,95,Minnesota Timberwolves,74,100
1123,Detroit Pistons,62,88,Milwaukee Bucks,88,109
1123,Phoenix Suns,60,84,San Antonio Spurs,67,98
1123,Oklahoma City Thunder,88,111,Utah Jazz,68,89
1124,Indiana Pacers,93,123,Washington Wizards,82,106
1124,Boston Celtics,73,97,Atlanta Hawks,81,121
1124,Dallas Mavericks,60,96,Memphis Grizzlies,82,110
1124,LA Clippers,83,111,Denver Nuggets,72,94
1124,Chicago Bulls,71,93,Portland Trail Blazers,63,88
1124,Los Angeles Lakers,55,77,Golden State Warriors,89,111
1125,New York Knicks,63,91,Orlando Magic,72,100
1125,Washington Wizards,81,87,Charlotte Hornets,74,101
1125,Philadelphia 76ers,62,80,Boston Celtics,57,84
1125,Miami Heat,62,81,Detroit Pistons,83,104
1125,Cleveland Cavaliers,80,99,Toronto Raptors,82,103
1125,Memphis Grizzlies,82,102,Houston Rockets,77,93
1125,Sacramento Kings,96,129,Milwaukee Bucks,92,118
1125,Brooklyn Nets,76,99,Oklahoma City Thunder,83,110
1125,Atlanta Hawks,74,95,Minnesota Timberwolves,70,99
1125,Dallas Mavericks,60,83,San Antonio Spurs,63,88
1125,New Orleans Pelicans,88,120,Phoenix Suns,85,114
1125,Utah Jazz,73,102,LA Clippers,68,91
1127,Milwaukee Bucks,65,90,Orlando Magic,86,114
1127,Cleveland Cavaliers,72,95,Charlotte Hornets,76,90
1127,Miami Heat,74,97,New York Knicks,63,78
1127,Washington Wizards,56,78,Boston Celtics,79,111
1127,Philadelphia 76ers,80,114,Houston Rockets,91,116
1127,Atlanta Hawks,85,116,Memphis Grizzlies,82,101
1127,Detroit Pistons,71,87,Oklahoma City Thunder,76,103
1127,Chicago Bulls,63,92,Indiana Pacers,72,104
1127,San Antonio Spurs,70,91,Denver Nuggets,59,80
1127,Golden State Warriors,103,135,Phoenix Suns,81,116
1127,Minnesota Timberwolves,75,101,Sacramento Kings,68,91
1127,New Orleans Pelicans,72,90,LA Clippers,90,111
1128,Toronto Raptors,62,84,Washington Wizards,68,82
1128,Brooklyn Nets,68,88,Cleveland Cavaliers,69,90
1128,Atlanta Hawks,59,88,San Antonio Spurs,80,108
1128,Denver Nuggets,57,81,Dallas Mavericks,73,92
1128,New Orleans Pelicans,60,87,Utah Jazz,76,101
1128,Los Angeles Lakers,76,96,Portland Trail Blazers,84,108
1128,Sacramento Kings,71,101,Golden State Warriors,92,120
1129,Milwaukee Bucks,59,82,Charlotte Hornets,65,87
1129,Minnesota Timberwolves,61,99,LA Clippers,71,107
1129,Phoenix Suns,81,107,Toronto Raptors,72,102
1129,Detroit Pistons,67,83,Brooklyn Nets,59,87
1129,Philadelphia 76ers,67,84,Memphis Grizzlies,64,92
1129,Boston Celtics,67,91,Orlando Magic,84,110
1129,Houston Rockets,69,116,New York Knicks,77,111
1129,Indiana Pacers,80,107,Los Angeles Lakers,65,103
1130,Boston Celtics,81,105,Miami Heat,75,95
1130,Houston Rockets,73,105,Detroit Pistons,84,116
1130,San Antonio Spurs,73,89,Chicago Bulls,70,92
1130,Denver Nuggets,60,74,Milwaukee Bucks,67,92
1130,Oklahoma City Thunder,74,100,Atlanta Hawks,79,106
1130,Golden State Warriors,83,106,Utah Jazz,77,103
1130,Dallas Mavericks,71,98,Sacramento Kings,76,112
1130,Portland Trail Blazers,64,87,LA Clippers,74,102
1201,Washington Wizards,80,97,Cleveland Cavaliers,67,85
1201,Los Angeles Lakers,75,91,Philadelphia 76ers,80,103
1201,Phoenix Suns,73,91,Brooklyn Nets,70,94
1201,Memphis Grizzlies,91,113,New Orleans Pelicans,85,104
1201,Orlando Magic,76,96,Minnesota Timberwolves,67,93
1201,Dallas Mavericks,74,115,Portland Trail Blazers,73,112
1202,Los Angeles Lakers,78,108,Washington Wizards,75,104
1202,Golden State Warriors,93,116,Charlotte Hornets,72,99
1202,Phoenix Suns,89,122,Detroit Pistons,80,127
1202,Philadelphia 76ers,58,87,New York Knicks,81,99
1202,Denver Nuggets,72,90,Chicago Bulls,68,99
1202,New Orleans Pelicans,82,101,Houston Rockets,84,108
1202,Toronto Raptors,57,96,Atlanta Hawks,66,86
1202,Milwaukee Bucks,55,70,San Antonio Spurs,76,95
1202,Indiana Pacers,72,103,LA Clippers,69,91
1203,Oklahoma City Thunder,76,95,Miami Heat,74,97
1203,Denver Nuggets,81,106,Toronto Raptors,71,105
1203,Orlando Magic,77,103,Utah Jazz,78,94
1203,San Antonio Spurs,74,103,Memphis Grizzlies,57,83
1203,Indiana Pacers,90,111,Portland Trail Blazers,97,123
1204,Brooklyn Nets,67,91,New York Knicks,92,108
1204,Phoenix Suns,85,106,Washington Wizards,78,109
1204,Milwaukee Bucks,59,95,Detroit Pistons,67,102
1204,Los Angeles Lakers,66,87,Atlanta Hawks,72,100
1204,Houston Rockets,78,100,Dallas Mavericks,78,96
1204,Cleveland Cavaliers,77,108,New Orleans Pelicans,84,114
1205,Denver Nuggets,77,108,Philadelphia 76ers,85,105
1205,Golden State Warriors,83,112,Toronto Raptors,79,109
1205,Cleveland Cavaliers,64,84,Miami Heat,83,99
1205,Portland Trail Blazers,80,109,Minnesota Timberwolves,82,103
1205,Sacramento Kings,85,113,Houston Rockets,84,120
1205,Charlotte Hornets,72,102,Chicago Bulls,75,96
1205,New York Knicks,69,91,Milwaukee Bucks,81,106
1205,Boston Celtics,71,105,San Antonio Spurs,86,108
1205,Indiana Pacers,84,119,Utah Jazz,84,122
1205,Orlando Magic,79,101,LA Clippers,74,103
1206,Phoenix Suns,68,93,Memphis Grizzlies,67,95
1206,Los Angeles Lakers,65,91,Detroit Pistons,90,111
1206,Golden State Warriors,87,114,Brooklyn Nets,80,98
1206,Dallas Mavericks,87,116,Washington Wizards,84,104
1206,Sacramento Kings,64,95,Oklahoma City Thunder,76,98
1207,Detroit Pistons,70,84,Charlotte Hornets,88,104
1207,San Antonio Spurs,96,119,Philadelphia 76ers,52,68
1207,Dallas Mavericks,88,104,New York Knicks,72,97
1207,Los Angeles Lakers,71,93,Toronto Raptors,71,102
1207,Washington Wizards,87,114,Miami Heat,84,103
1207,Boston Celtics,81,111,New Orleans Pelicans,67,93
1207,Phoenix Suns,61,103,Chicago Bulls,77,101
1207,Portland Trail Blazers,62,88,Milwaukee Bucks,60,90
1207,LA Clippers,71,110,Minnesota Timberwolves,77,106
1208,Golden State Warriors,111,131,Indiana Pacers,83,123
1208,Portland Trail Blazers,75,100,Cleveland Cavaliers,77,105
1208,Houston Rockets,72,105,Brooklyn Nets,80,110
1208,Oklahoma City Thunder,98,125,Memphis Grizzlies,63,88
1208,Orlando Magic,62,85,Denver Nuggets,63,74
1208,Utah Jazz,80,106,Sacramento Kings,86,114
1209,Miami Heat,54,81,Charlotte Hornets,80,99
1209,Chicago Bulls,75,100,Boston Celtics,75,105
1209,Houston Rockets,82,109,Washington Wizards,83,103
1209,San Antonio Spurs,62,94,Toronto Raptors,73,97
1209,Memphis Grizzlies,67,93,Detroit Pistons,74,92
1209,Los Angeles Lakers,81,122,Minnesota Timberwolves,84,123
1209,LA Clippers,75,109,Milwaukee Bucks,68,95
1209,Orlando Magic,73,104,Phoenix Suns,84,107
1209,New York Knicks,59,85,Utah Jazz,82,106
1209,Atlanta Hawks,76,98,Dallas Mavericks,72,95
1210,Philadelphia 76ers,74,91,Brooklyn Nets,70,100
1210,Atlanta Hawks,75,94,Oklahoma City Thunder,83,107
1210,LA Clippers,54,80,Chicago Bulls,64,83
1210,New York Knicks,65,97,Sacramento Kings,76,99
1211,Detroit Pistons,89,107,Philadelphia 76ers,66,95
1211,Miami Heat,68,83,Indiana Pacers,77,96
1211,Cleveland Cavaliers,83,111,Orlando Magic,52,76
1211,Golden State Warriors,82,124,Boston Celtics,75,119
1211,Milwaukee Bucks,60,83,Toronto Raptors,70,90
1211,Washington Wizards,77,105,New Orleans Pelicans,77,107
1211,Charlotte Hornets,93,123,Memphis Grizzlies,73,99
1211,Oklahoma City Thunder,72,94,Utah Jazz,67,90
1211,Minnesota Timberwolves,78,108,Denver Nuggets,73,111
1211,Los Angeles Lakers,71,87,San Antonio Spurs,79,109
1211,Portland Trail Blazers,78,106,Phoenix Suns,82,96
1212,LA Clippers,77,105,Brooklyn Nets,63,100
1212,Boston Celtics,73,98,Charlotte Hornets,69,93
1212,Indiana Pacers,79,96,Detroit Pistons,102,118
1212,Los Angeles Lakers,76,97,Houston Rockets,91,126
1212,San Antonio Spurs,79,103,Atlanta Hawks,55,78
1212,New Orleans Pelicans,70,94,Chicago Bulls,64,98
1212,Golden State Warriors,77,95,Milwaukee Bucks,80,108
1212,Washington Wizards,90,114,Dallas Mavericks,72,111
1212,New York Knicks,76,112,Portland Trail Blazers,86,110
1213,Minnesota Timberwolves,66,101,Phoenix Suns,85,108
1213,Memphis Grizzlies,78,97,Miami Heat,71,100
1213,Philadelphia 76ers,58,76,Toronto Raptors,69,96
1213,Utah Jazz,76,98,Oklahoma City Thunder,71,104
1214,Toronto Raptors,64,90,Indiana Pacers,73,106
1214,LA Clippers,73,105,Detroit Pistons,63,103
1214,Orlando Magic,83,105,Brooklyn Nets,69,82
1214,Philadelphia 76ers,68,96,Chicago Bulls,85,115
1214,Miami Heat,74,100,Atlanta Hawks,61,88
1214,Washington Wizards,61,95,Memphis Grizzlies,83,112
1214,Phoenix Suns,58,94,Dallas Mavericks,77,104
1214,Utah Jazz,58,81,San Antonio Spurs,98,118
1214,Houston Rockets,82,108,Denver Nuggets,88,114
1214,New Orleans Pelicans,69,101,Portland Trail Blazers,78,105
1215,Cleveland Cavaliers,69,89,Boston Celtics,61,77
1215,Denver Nuggets,92,112,Minnesota Timberwolves,80,100
1215,Houston Rockets,74,97,Sacramento Kings,82,107
1215,Milwaukee Bucks,66,95,Los Angeles Lakers,86,113
1216,Dallas Mavericks,64,81,Indiana Pacers,75,107
1216,Charlotte Hornets,73,98,Orlando Magic,89,113
1216,Minnesota Timberwolves,70,102,New York Knicks,78,107
1216,Miami Heat,84,104,Brooklyn Nets,78,98
1216,Boston Celtics,83,116,Detroit Pistons,85,119
1216,Philadelphia 76ers,76,106,Atlanta Hawks,102,127
1216,Portland Trail Blazers,67,90,Oklahoma City Thunder,88,106
1216,Memphis Grizzlies,66,85,Chicago Bulls,74,98
1216,Washington Wizards,71,95,San Antonio Spurs,86,114
1216,New Orleans Pelicans,73,104,Utah Jazz,79,94
1216,Milwaukee Bucks,66,90,LA Clippers,78,103
1216,Phoenix Suns,65,103,Golden State Warriors,105,128
1217,Toronto Raptors,65,99,Charlotte Hornets,77,109
1217,Oklahoma City Thunder,78,100,Cleveland Cavaliers,74,104
1217,Houston Rockets,78,107,Los Angeles Lakers,68,87
1218,Portland Trail Blazers,68,94,Orlando Magic,74,102
1218,Brooklyn Nets,77,97,Indiana Pacers,72,104
1218,New York Knicks,89,107,Philadelphia 76ers,68,97
1218,Atlanta Hawks,71,109,Boston Celtics,73,101
1218,Toronto Raptors,81,108,Miami Heat,77,94
1218,Detroit Pistons,74,147,Chicago Bulls,77,144
1218,Sacramento Kings,77,95,Minnesota Timberwolves,83,99
1218,LA Clippers,88,107,San Antonio Spurs,85,115
1218,Memphis Grizzlies,66,88,Dallas Mavericks,75,97
1218,Denver Nuggets,73,88,Utah Jazz,77,97
1218,New Orleans Pelicans,64,88,Phoenix Suns,77,104
1218,Milwaukee Bucks,93,112,Golden State Warriors,85,121
1219,Los Angeles Lakers,55,78,Oklahoma City Thunder,92,118
1219,Charlotte Hornets,75,101,Washington Wizards,86,109
1219,Chicago Bulls,68,91,New York Knicks,77,107
1219,Indiana Pacers,66,84,Memphis Grizzlies,70,96
1219,LA Clippers,71,97,Houston Rockets,83,107
1220,Minnesota Timberwolves,75,100,Brooklyn Nets,65,85
1220,Portland Trail Blazers,86,109,Miami Heat,82,116
1220,Philadelphia 76ers,60,86,Cleveland Cavaliers,88,108
1220,Milwaukee Bucks,70,101,Phoenix Suns,71,95
1220,Atlanta Hawks,77,103,Orlando Magic,78,100
1220,Sacramento Kings,78,104,Toronto Raptors,70,94
1220,New Orleans Pelicans,99,130,Denver Nuggets,96,125
1221,Sacramento Kings,84,99,Washington Wizards,84,113
1221,Minnesota Timberwolves,72,99,Boston Celtics,92,113
1221,Orlando Magic,78,107,New York Knicks,73,99
1221,Brooklyn Nets,85,105,Chicago Bulls,78,102
1221,Portland Trail Blazers,58,97,Atlanta Hawks,77,106
1221,Charlotte Hornets,60,95,Houston Rockets,69,102
1221,Indiana Pacers,70,92,San Antonio Spurs,79,106
1221,Phoenix Suns,61,89,Utah Jazz,79,110
1221,Oklahoma City Thunder,72,100,LA Clippers,77,99
1222,Memphis Grizzlies,77,104,Philadelphia 76ers,66,90
1222,Dallas Mavericks,67,99,Toronto Raptors,72,103
1222,Detroit Pistons,72,93,Miami Heat,75,92
1222,Los Angeles Lakers,83,111,Denver Nuggets,80,107
1223,New York Knicks,72,84,Cleveland Cavaliers,72,91
1223,Boston Celtics,74,102,Charlotte Hornets,62,89
1223,Houston Rockets,74,101,Orlando Magic,87,104
1223,Memphis Grizzlies,65,91,Washington Wizards,81,100
1223,Sacramento Kings,84,108,Indiana Pacers,82,106
1223,Dallas Mavericks,81,119,Brooklyn Nets,87,118
1223,San Antonio Spurs,77,108,Minnesota Timberwolves,61,83
1223,Portland Trail Blazers,65,89,New Orleans Pelicans,80,115
1223,Philadelphia 76ers,70,100,Milwaukee Bucks,92,113
1223,Detroit Pistons,67,100,Atlanta Hawks,82,107
1223,Denver Nuggets,79,104,Phoenix Suns,72,96
1223,Utah Jazz,58,85,Golden State Warriors,73,103
1223,Oklahoma City Thunder,92,120,Los Angeles Lakers,61,85
1225,New Orleans Pelicans,52,88,Miami Heat,63,94
1225,Chicago Bulls,86,105,Oklahoma City Thunder,68,96
1225,Cleveland Cavaliers,59,83,Golden State Warriors,64,89
1225,San Antonio Spurs,60,84,Houston Rockets,61,88
1225,LA Clippers,85,94,Los Angeles Lakers,57,84
1226,Washington Wizards,79,111,Brooklyn Nets,77,96
1226,Toronto Raptors,76,111,Milwaukee Bucks,79,90
1226,Houston Rockets,91,108,New Orleans Pelicans,84,110
1226,Memphis Grizzlies,74,92,Charlotte Hornets,74,98
1226,Miami Heat,69,108,Orlando Magic,76,101
1226,Boston Celtics,76,99,Detroit Pistons,61,93
1226,New York Knicks,75,98,Atlanta Hawks,87,117
1226,Indiana Pacers,66,102,Minnesota Timberwolves,68,88
1226,Chicago Bulls,89,111,Dallas Mavericks,90,118
1226,Denver Nuggets,65,86,San Antonio Spurs,76,101
1226,Philadelphia 76ers,85,111,Phoenix Suns,75,104
1226,LA Clippers,79,109,Utah Jazz,77,104
1226,Cleveland Cavaliers,59,76,Portland Trail Blazers,90,105
1227,Los Angeles Lakers,74,96,Memphis Grizzlies,92,112
1227,New York Knicks,65,91,Boston Celtics,77,100
1227,Denver Nuggets,90,112,Oklahoma City Thunder,91,122
1227,Portland Trail Blazers,80,98,Sacramento Kings,80,94
1228,New Orleans Pelicans,64,89,Orlando Magic,75,104
1228,Atlanta Hawks,68,87,Indiana Pacers,74,93
1228,Los Angeles Lakers,81,98,Charlotte Hornets,85,108
1228,LA Clippers,86,108,Washington Wizards,71,91
1228,Brooklyn Nets,78,111,Miami Heat,77,105
1228,Toronto Raptors,73,97,Chicago Bulls,78,104
1228,Minnesota Timberwolves,72,95,San Antonio Spurs,76,101
1228,Milwaukee Bucks,72,93,Dallas Mavericks,79,103
1228,Philadelphia 76ers,78,91,Utah Jazz,78,95
1228,Cleveland Cavaliers,81,101,Phoenix Suns,73,97
1228,Sacramento Kings,75,103,Golden State Warriors,90,122
1229,Detroit Pistons,72,96,New York Knicks,79,108
1229,Miami Heat,62,90,Memphis Grizzlies,69,99
1229,Milwaukee Bucks,88,123,Oklahoma City Thunder,92,131
1229,Atlanta Hawks,85,121,Houston Rockets,92,115
1229,Cleveland Cavaliers,72,93,Denver Nuggets,62,87
1230,Brooklyn Nets,73,93,Orlando Magic,68,100
1230,LA Clippers,92,122,Charlotte Hornets,86,117
1230,Los Angeles Lakers,89,112,Boston Celtics,78,104
1230,Washington Wizards,65,91,Toronto Raptors,77,94
1230,Indiana Pacers,62,100,Chicago Bulls,66,102
1230,Utah Jazz,52,80,Minnesota Timberwolves,62,94
1230,Golden State Warriors,68,91,Dallas Mavericks,87,114
1230,Phoenix Suns,56,79,San Antonio Spurs,84,112
1230,Denver Nuggets,71,103,Portland Trail Blazers,84,110
1230,Philadelphia 76ers,85,110,Sacramento Kings,81,105
1231,Milwaukee Bucks,89,120,Indiana Pacers,77,116
1231,Minnesota Timberwolves,70,90,Detroit Pistons,78,115
1231,Golden State Warriors,90,114,Houston Rockets,82,110
1231,Phoenix Suns,80,106,Oklahoma City Thunder,87,110
1231,LA Clippers,71,95,New Orleans Pelicans,63,89
1231,Portland Trail Blazers,71,96,Utah Jazz,86,109
101,Orlando Magic,72,91,Washington Wizards,72,103
101,Dallas Mavericks,61,82,Miami Heat,80,106
101,Charlotte Hornets,82,94,Toronto Raptors,74,104
101,New York Knicks,73,81,Chicago Bulls,77,108
101,Philadelphia 76ers,60,84,Los Angeles Lakers,62,93
102,Brooklyn Nets,81,100,Boston Celtics,71,97
102,Phoenix Suns,87,119,Sacramento Kings,103,142
102,Detroit Pistons,59,82,Indiana Pacers,64,94
102,Oklahoma City Thunder,87,109,Charlotte Hornets,76,90
102,Orlando Magic,53,79,Cleveland Cavaliers,81,104
102,Milwaukee Bucks,72,95,Minnesota Timberwolves,70,85
102,New Orleans Pelicans,74,105,Dallas Mavericks,66,98
102,Houston Rockets,72,103,San Antonio Spurs,96,121
102,Memphis Grizzlies,69,87,Utah Jazz,66,92
102,Denver Nuggets,77,108,Golden State Warriors,90,111
102,Philadelphia 76ers,74,99,LA Clippers,103,130
103,Atlanta Hawks,76,97,New York Knicks,86,111
103,Chicago Bulls,81,115,Toronto Raptors,87,113
103,Miami Heat,73,97,Washington Wizards,51,75
103,Portland Trail Blazers,80,112,Denver Nuggets,80,106
103,Phoenix Suns,51,77,Los Angeles Lakers,81,97
104,Minnesota Timberwolves,79,99,Philadelphia 76ers,80,109
104,Toronto Raptors,78,100,Cleveland Cavaliers,90,122
104,Indiana Pacers,74,100,Miami Heat,66,103
104,Orlando Magic,74,89,Detroit Pistons,88,115
104,Boston Celtics,79,103,Brooklyn Nets,68,94
104,San Antonio Spurs,90,123,Milwaukee Bucks,75,98
104,Sacramento Kings,90,116,Oklahoma City Thunder,82,104
104,Houston Rockets,69,93,Utah Jazz,77,91
104,Memphis Grizzlies,70,91,Portland Trail Blazers,52,78
104,Charlotte Hornets,77,101,Golden State Warriors,95,111
105,New York Knicks,84,107,Atlanta Hawks,71,101
105,Milwaukee Bucks,89,106,Chicago Bulls,94,117
105,Sacramento Kings,70,116,Dallas Mavericks,78,117
105,Golden State Warriors,92,109,Los Angeles Lakers,60,88
106,Indiana Pacers,66,95,Orlando Magic,59,86
106,New York Knicks,71,98,Miami Heat,59,90
106,Cleveland Cavaliers,95,121,Washington Wizards,89,115
106,Toronto Raptors,70,91,Brooklyn Nets,56,74
106,Detroit Pistons,66,99,Boston Celtics,75,94
106,Dallas Mavericks,71,100,New Orleans Pelicans,68,91
106,Denver Nuggets,66,78,Minnesota Timberwolves,65,74
106,Utah Jazz,74,98,San Antonio Spurs,95,123
106,Charlotte Hornets,85,102,Phoenix Suns,86,111
106,Memphis Grizzlies,65,94,Oklahoma City Thunder,83,112
106,LA Clippers,85,109,Portland Trail Blazers,70,98
107,Atlanta Hawks,97,126,Philadelphia 76ers,76,98
107,Boston Celtics,63,92,Chicago Bulls,74,101
107,Utah Jazz,66,94,Houston Rockets,72,103
107,Los Angeles Lakers,86,115,Sacramento Kings,102,118
108,Toronto Raptors,73,97,Washington Wizards,61,88
108,Orlando Magic,60,83,Brooklyn Nets,62,77
108,Indiana Pacers,68,91,New Orleans Pelicans,70,86
108,Cleveland Cavaliers,95,125,Minnesota Timberwolves,76,99
108,Dallas Mavericks,75,95,Milwaukee Bucks,79,96
108,Denver Nuggets,66,84,Memphis Grizzlies,67,91
108,New York Knicks,74,99,San Antonio Spurs,79,100
108,Miami Heat,77,103,Phoenix Suns,73,95
108,Golden State Warriors,106,128,Portland Trail Blazers,87,108
108,Oklahoma City Thunder,90,117,Los Angeles Lakers,85,113
109,Charlotte Hornets,64,83,LA Clippers,70,97
109,Chicago Bulls,83,105,Atlanta Hawks,89,120
109,Washington Wizards,85,105,Orlando Magic,70,99
109,Brooklyn Nets,66,89,Detroit Pistons,72,103
109,Toronto Raptors,75,108,Philadelphia 76ers,69,95
109,Miami Heat,68,83,Utah Jazz,72,98
109,Golden State Warriors,96,128,Sacramento Kings,84,116
110,Dallas Mavericks,68,93,Minnesota Timberwolves,55,87
110,New Orleans Pelicans,76,111,LA Clippers,84,114
110,Cleveland Cavaliers,75,95,Philadelphia 76ers,69,85
110,Boston Celtics,76,98,Memphis Grizzlies,68,101
110,Indiana Pacers,77,103,Houston Rockets,64,107
110,Milwaukee Bucks,60,88,New York Knicks,82,100
110,Charlotte Hornets,77,92,Denver Nuggets,81,95
110,Oklahoma City Thunder,85,110,Portland Trail Blazers,80,115
110,Utah Jazz,61,86,Los Angeles Lakers,50,74
111,San Antonio Spurs,77,106,Brooklyn Nets,56,79
111,Washington Wizards,83,114,Chicago Bulls,74,100
111,Miami Heat,77,103,Golden State Warriors,80,111
112,Phoenix Suns,76,97,Indiana Pacers,80,116
112,Boston Celtics,81,114,New York Knicks,85,120
112,San Antonio Spurs,81,109,Detroit Pistons,66,99
112,Houston Rockets,72,107,Memphis Grizzlies,69,91
112,Chicago Bulls,77,101,Milwaukee Bucks,74,106
112,Oklahoma City Thunder,80,101,Minnesota Timberwolves,66,96
112,Cleveland Cavaliers,67,110,Dallas Mavericks,72,107
112,New Orleans Pelicans,71,91,Los Angeles Lakers,67,95
113,Atlanta Hawks,58,84,Charlotte Hornets,80,107
113,Milwaukee Bucks,74,101,Washington Wizards,71,106
113,New York Knicks,75,104,Brooklyn Nets,74,110
113,Indiana Pacers,76,94,Boston Celtics,78,103
113,Dallas Mavericks,64,89,Oklahoma City Thunder,83,108
113,Minnesota Timberwolves,77,104,Houston Rockets,81,107
113,Golden State Warriors,73,110,Denver Nuggets,83,112
113,New Orleans Pelicans,90,109,Sacramento Kings,65,97
113,Utah Jazz,62,85,Portland Trail Blazers,77,99
113,Miami Heat,69,90,LA Clippers,79,104
114,Chicago Bulls,77,115,Philadelphia 76ers,79,111
114,Detroit Pistons,71,101,Memphis Grizzlies,79,103
114,Cleveland Cavaliers,73,95,San Antonio Spurs,72,99
114,Sacramento Kings,82,103,Utah Jazz,71,101
114,Los Angeles Lakers,72,98,Golden State Warriors,86,116
115,Washington Wizards,88,118,Indiana Pacers,72,104
115,Minnesota Timberwolves,65,93,Oklahoma City Thunder,82,113
115,Phoenix Suns,78,103,Boston Celtics,96,117
115,Portland Trail Blazers,83,116,Brooklyn Nets,79,104
115,Dallas Mavericks,59,83,Chicago Bulls,61,77
115,Atlanta Hawks,76,101,Milwaukee Bucks,73,108
115,Charlotte Hornets,81,107,New Orleans Pelicans,84,109
115,Miami Heat,76,98,Denver Nuggets,78,95
115,Cleveland Cavaliers,68,91,Houston Rockets,51,77
116,Boston Celtics,83,119,Washington Wizards,86,117
116,Milwaukee Bucks,84,105,Charlotte Hornets,73,92
116,Brooklyn Nets,68,86,Atlanta Hawks,84,114
116,Portland Trail Blazers,62,89,Philadelphia 76ers,90,114
116,Golden State Warriors,74,95,Detroit Pistons,85,113
116,New York Knicks,73,95,Memphis Grizzlies,73,103
116,Los Angeles Lakers,59,82,Utah Jazz,89,109
116,Sacramento Kings,82,110,LA Clippers,79,103
117,Phoenix Suns,69,87,Minnesota Timberwolves,83,117
117,Dallas Mavericks,56,83,San Antonio Spurs,78,112
117,Miami Heat,58,74,Oklahoma City Thunder,75,99
117,Indiana Pacers,91,126,Denver Nuggets,84,129
117,Houston Rockets,94,112,Los Angeles Lakers,75,95
118,Philadelphia 76ers,63,113,New York Knicks,76,119
118,Utah Jazz,64,119,Charlotte Hornets,73,124
118,Portland Trail Blazers,94,108,Washington Wizards,76,98
118,New Orleans Pelicans,76,99,Memphis Grizzlies,72,101
118,Chicago Bulls,83,111,Detroit Pistons,79,101
118,Orlando Magic,59,81,Atlanta Hawks,72,98
118,Brooklyn Nets,84,100,Toronto Raptors,81,112
118,Golden State Warriors,104,132,Cleveland Cavaliers,67,98
118,Boston Celtics,72,113,Dallas Mavericks,70,118
118,Houston Rockets,80,132,LA Clippers,94,140
119,Milwaukee Bucks,75,91,Miami Heat,57,79
119,Minnesota Timberwolves,75,99,New Orleans Pelicans,82,114
119,Indiana Pacers,71,97,Phoenix Suns,61,94
119,Oklahoma City Thunder,84,110,Denver Nuggets,79,104
120,Philadelphia 76ers,81,96,Orlando Magic,71,87
120,Miami Heat,64,87,Washington Wizards,81,106
120,Boston Celtics,90,109,Toronto Raptors,96,115
120,Cleveland Cavaliers,73,91,Brooklyn Nets,55,78
120,Utah Jazz,76,111,New York Knicks,68,118
120,Detroit Pistons,85,123,Houston Rockets,79,114
120,Golden State Warriors,87,125,Chicago Bulls,63,94
120,Charlotte Hornets,70,95,Oklahoma City Thunder,88,109
120,Minnesota Timberwolves,67,94,Dallas Mavericks,64,106
120,Sacramento Kings,86,112,Los Angeles Lakers,77,93
120,Atlanta Hawks,74,104,Portland Trail Blazers,72,98
121,Detroit Pistons,77,99,New Orleans Pelicans,90,115
121,LA Clippers,72,102,Cleveland Cavaliers,88,115
121,Memphis Grizzlies,79,102,Denver Nuggets,77,101
121,Atlanta Hawks,63,88,Sacramento Kings,72,91
121,San Antonio Spurs,79,117,Phoenix Suns,69,89
122,Charlotte Hornets,79,120,Orlando Magic,94,116
122,Utah Jazz,85,108,Brooklyn Nets,57,86
122,Chicago Bulls,82,101,Boston Celtics,90,110
122,LA Clippers,86,116,New York Knicks,64,88
122,Milwaukee Bucks,66,98,Houston Rockets,79,102
122,Miami Heat,67,81,Toronto Raptors,80,101
122,Oklahoma City Thunder,85,109,Dallas Mavericks,74,106
122,Indiana Pacers,75,110,Golden State Warriors,88,122
122,San Antonio Spurs,87,108,Los Angeles Lakers,71,95
123,New York Knicks,56,84,Charlotte Hornets,77,97
123,Milwaukee Bucks,74,99,New Orleans Pelicans,84,116
123,Memphis Grizzlies,74,101,Minnesota Timberwolves,84,106
123,Chicago Bulls,72,96,Cleveland Cavaliers,58,83
123,Atlanta Hawks,64,95,Phoenix Suns,74,98
123,Detroit Pistons,74,101,Denver Nuggets,84,104
123,Indiana Pacers,70,97,Sacramento Kings,81,108
123,Los Angeles Lakers,76,103,Portland Trail Blazers,101,121
124,Boston Celtics,94,112,Philadelphia 76ers,69,92
124,Dallas Mavericks,85,104,Houston Rockets,84,115
124,0,77,106,Brooklyn Nets,85,116
124,0,71,94,Toronto Raptors,83,112
125,Minnesota Timberwolves,73,107,Cleveland Cavaliers,83,114
125,Boston Celtics,84,116,Washington Wizards,70,91
125,Orlando Magic,81,102,Memphis Grizzlies,80,108
125,Miami Heat,61,89,Chicago Bulls,68,84
125,Houston Rockets,93,112,New Orleans Pelicans,92,111
125,Detroit Pistons,69,95,Utah Jazz,59,92
125,Atlanta Hawks,90,119,Denver Nuggets,76,105
125,Charlotte Hornets,88,129,Sacramento Kings,84,128
125,San Antonio Spurs,66,90,Golden State Warriors,95,120
126,LA Clippers,74,91,Indiana Pacers,72,89
126,Phoenix Suns,71,103,Philadelphia 76ers,84,113
126,Washington Wizards,70,89,Toronto Raptors,77,106
126,Miami Heat,77,102,Brooklyn Nets,73,98
126,Oklahoma City Thunder,88,128,New York Knicks,91,122
126,Orlando Magic,78,100,Milwaukee Bucks,82,107
126,Sacramento Kings,74,97,Portland Trail Blazers,88,112
126,Dallas Mavericks,77,92,Los Angeles Lakers,78,90
127,Phoenix Suns,71,93,Cleveland Cavaliers,87,115
127,Denver Nuggets,71,103,Boston Celtics,86,111
127,Philadelphia 76ers,79,97,Detroit Pistons,74,110
127,Houston Rockets,73,99,San Antonio Spurs,102,130
127,LA Clippers,64,85,Atlanta Hawks,66,83
127,Oklahoma City Thunder,91,126,Minnesota Timberwolves,94,123
127,Charlotte Hornets,51,73,Utah Jazz,70,102
127,Dallas Mavericks,77,107,Golden State Warriors,95,127
128,Denver Nuggets,91,117,Washington Wizards,79,113
128,Atlanta Hawks,75,92,Indiana Pacers,82,111
128,Milwaukee Bucks,62,83,Memphis Grizzlies,76,103
128,New York Knicks,63,93,Toronto Raptors,73,103
128,Sacramento Kings,79,105,New Orleans Pelicans,92,114
128,Chicago Bulls,90,114,Los Angeles Lakers,71,91
129,Phoenix Suns,61,84,New York Knicks,85,102
129,Cleveland Cavaliers,96,114,Detroit Pistons,78,106
129,Orlando Magic,77,94,Boston Celtics,86,113
129,Miami Heat,81,107,Milwaukee Bucks,83,103
129,Houston Rockets,83,108,Oklahoma City Thunder,89,116
129,Brooklyn Nets,55,79,Dallas Mavericks,71,91
129,Minnesota Timberwolves,69,90,Utah Jazz,82,103
129,Charlotte Hornets,69,91,Portland Trail Blazers,83,109
129,Los Angeles Lakers,71,93,LA Clippers,78,105
130,Golden State Warriors,91,108,Philadelphia 76ers,72,105
130,Detroit Pistons,72,107,Toronto Raptors,81,111
130,Denver Nuggets,83,105,Indiana Pacers,80,109
130,Brooklyn Nets,66,103,New Orleans Pelicans,71,105
130,Washington Wizards,90,123,Houston Rockets,88,122
130,Sacramento Kings,77,117,Memphis Grizzlies,92,121
130,San Antonio Spurs,76,103,Cleveland Cavaliers,92,117
131,Chicago Bulls,73,93,LA Clippers,84,120
131,Boston Celtics,81,114,Orlando Magic,81,119
131,Atlanta Hawks,62,87,Miami Heat,75,105
131,Phoenix Suns,69,78,Dallas Mavericks,68,91
131,Golden State Warriors,82,116,New York Knicks,65,95
131,Minnesota Timberwolves,65,93,Portland Trail Blazers,63,96
131,Charlotte Hornets,83,101,Los Angeles Lakers,60,82
201,Cleveland Cavaliers,75,111,Indiana Pacers,79,106
201,Detroit Pistons,78,105,Brooklyn Nets,75,100
201,Dallas Mavericks,73,97,Atlanta Hawks,86,112
201,Memphis Grizzlies,77,110,New Orleans Pelicans,75,95
201,Washington Wizards,76,98,Oklahoma City Thunder,92,114
201,Orlando Magic,70,92,San Antonio Spurs,75,107
201,Chicago Bulls,68,96,Utah Jazz,67,105
201,Toronto Raptors,65,93,Denver Nuggets,80,112
201,Milwaukee Bucks,74,104,Sacramento Kings,74,111
202,Boston Celtics,70,97,New York Knicks,65,89
202,Miami Heat,80,102,Houston Rockets,87,115
202,Toronto Raptors,78,104,Phoenix Suns,71,97
202,Milwaukee Bucks,73,95,Portland Trail Blazers,79,107
202,Minnesota Timberwolves,81,115,Los Angeles Lakers,92,119
203,Cleveland Cavaliers,75,97,Charlotte Hornets,82,106
203,Atlanta Hawks,88,124,Philadelphia 76ers,62,86
203,Indiana Pacers,87,114,Brooklyn Nets,77,100
203,Detroit Pistons,60,95,Boston Celtics,78,102
203,Orlando Magic,94,114,Oklahoma City Thunder,96,117
203,Golden State Warriors,103,134,Washington Wizards,92,121
203,Miami Heat,74,93,Dallas Mavericks,65,90
203,New Orleans Pelicans,79,97,San Antonio Spurs,83,110
203,Denver Nuggets,63,81,Utah Jazz,61,85
203,Chicago Bulls,80,107,Sacramento Kings,75,102
203,Minnesota Timberwolves,76,108,LA Clippers,74,102
204,New York Knicks,71,105,Detroit Pistons,78,111
204,Los Angeles Lakers,79,99,New Orleans Pelicans,69,96
204,Toronto Raptors,82,110,Portland Trail Blazers,75,103
204,Houston Rockets,88,111,Phoenix Suns,80,105
205,Miami Heat,67,98,Charlotte Hornets,73,95
205,Indiana Pacers,72,96,Atlanta Hawks,73,102
205,Philadelphia 76ers,72,94,Washington Wizards,82,106
205,LA Clippers,77,107,Orlando Magic,73,93
205,Boston Celtics,65,104,Cleveland Cavaliers,73,103
205,Memphis Grizzlies,69,91,New York Knicks,62,85
205,Sacramento Kings,85,119,Brooklyn Nets,103,128
205,Milwaukee Bucks,60,81,Utah Jazz,61,84
205,Chicago Bulls,89,110,Denver Nuggets,73,115
205,San Antonio Spurs,88,116,Dallas Mavericks,60,90
206,Portland Trail Blazers,74,96,Houston Rockets,53,79
206,Washington Wizards,75,104,Charlotte Hornets,78,108
206,Detroit Pistons,81,104,Indiana Pacers,87,112
206,New Orleans Pelicans,70,84,Cleveland Cavaliers,74,99
206,Brooklyn Nets,64,98,Philadelphia 76ers,69,103
206,Dallas Mavericks,79,114,Memphis Grizzlies,80,110
206,Chicago Bulls,84,105,Minnesota Timberwolves,84,112
206,Los Angeles Lakers,81,102,San Antonio Spurs,79,106
206,Utah Jazz,71,98,Phoenix Suns,58,89
206,Oklahoma City Thunder,83,108,Golden State Warriors,91,116
207,Sacramento Kings,87,119,Boston Celtics,95,128
207,Denver Nuggets,77,101,New York Knicks,79,96
207,Atlanta Hawks,60,94,Orlando Magic,71,96
207,LA Clippers,73,100,Miami Heat,65,93
208,Chicago Bulls,65,91,Charlotte Hornets,87,108
208,Sacramento Kings,70,100,Cleveland Cavaliers,91,120
208,LA Clippers,65,98,Philadelphia 76ers,73,92
208,Los Angeles Lakers,59,87,Indiana Pacers,64,89
208,Denver Nuggets,78,104,Brooklyn Nets,81,105
208,Toronto Raptors,70,103,Detroit Pistons,65,89
208,New Orleans Pelicans,95,116,Minnesota Timberwolves,70,102
208,Orlando Magic,72,117,Atlanta Hawks,83,110
208,Portland Trail Blazers,78,112,Memphis Grizzlies,78,106
208,Oklahoma City Thunder,89,122,Phoenix Suns,85,106
209,San Antonio Spurs,85,119,Miami Heat,75,101
209,Washington Wizards,83,111,New York Knicks,83,108
209,Boston Celtics,74,111,Milwaukee Bucks,93,112
209,Utah Jazz,78,121,Dallas Mavericks,87,119
209,Houston Rockets,93,110,Golden State Warriors,93,123
210,San Antonio Spurs,67,98,Orlando Magic,79,96
210,Sacramento Kings,75,114,Philadelphia 76ers,87,110
210,Charlotte Hornets,89,117,Indiana Pacers,70,95
210,Denver Nuggets,75,103,Detroit Pistons,71,92
210,Memphis Grizzlies,89,109,Brooklyn Nets,63,90
210,LA Clippers,91,134,Boston Celtics,98,139
210,Los Angeles Lakers,74,111,Cleveland Cavaliers,93,120
210,Utah Jazz,77,96,New Orleans Pelicans,71,100
210,Atlanta Hawks,91,113,Chicago Bulls,73,90
210,Toronto Raptors,89,112,Minnesota Timberwolves,88,117
210,Golden State Warriors,91,112,Phoenix Suns,75,104
210,Houston Rockets,81,103,Portland Trail Blazers,92,116
211,New Orleans Pelicans,74,95,Oklahoma City Thunder,95,121
211,Washington Wizards,70,92,Milwaukee Bucks,69,99
218,Chicago Bulls,64,95,Cleveland Cavaliers,78,106
218,San Antonio Spurs,63,86,LA Clippers,72,105
218,Utah Jazz,68,89,Washington Wizards,76,103
219,Detroit Pistons,61,86,Washington Wizards,83,98
219,Dallas Mavericks,81,104,Orlando Magic,72,110
219,New York Knicks,76,98,Brooklyn Nets,84,109
219,Philadelphia 76ers,90,114,New Orleans Pelicans,92,121
219,Miami Heat,79,115,Atlanta Hawks,81,111
219,Indiana Pacers,67,101,Oklahoma City Thunder,76,98
219,Minnesota Timberwolves,81,104,Memphis Grizzlies,76,109
219,Toronto Raptors,81,106,Chicago Bulls,89,116
219,Charlotte Hornets,70,98,Milwaukee Bucks,78,95
219,Houston Rockets,81,116,Phoenix Suns,65,100
219,Denver Nuggets,77,110,Sacramento Kings,88,116
219,Golden State Warriors,79,105,Portland Trail Blazers,104,137
219,San Antonio Spurs,85,119,Los Angeles Lakers,75,113
219,Boston Celtics,72,93,Utah Jazz,83,111
220,Washington Wizards,68,94,Miami Heat,82,114
220,Milwaukee Bucks,75,117,Atlanta Hawks,68,109
220,New York Knicks,81,103,Minnesota Timberwolves,61,95
220,Golden State Warriors,93,115,LA Clippers,84,112
221,Cleveland Cavaliers,95,115,Oklahoma City Thunder,73,92
221,New Orleans Pelicans,80,111,Detroit Pistons,75,106
221,San Antonio Spurs,88,118,Phoenix Suns,82,111
221,Boston Celtics,91,121,Denver Nuggets,78,101
221,Indiana Pacers,80,105,Orlando Magic,79,102
221,Memphis Grizzlies,64,85,Toronto Raptors,74,98
221,Charlotte Hornets,86,104,Brooklyn Nets,73,96
221,Philadelphia 76ers,80,103,Dallas Mavericks,95,129
221,Los Angeles Lakers,81,115,Chicago Bulls,97,126
221,Utah Jazz,82,111,Portland Trail Blazers,80,115
222,Detroit Pistons,75,96,Cleveland Cavaliers,68,88
222,Indiana Pacers,69,93,Miami Heat,70,101
222,Toronto Raptors,86,122,New York Knicks,68,95
222,Boston Celtics,84,122,Minnesota Timberwolves,93,124
222,Los Angeles Lakers,65,101,Milwaukee Bucks,90,108
222,Golden State Warriors,76,102,Atlanta Hawks,75,92
222,Phoenix Suns,61,84,LA Clippers,90,124
223,Orlando Magic,97,124,Philadelphia 76ers,93,115
223,New Orleans Pelicans,65,89,Washington Wizards,85,109
223,Houston Rockets,83,114,Utah Jazz,79,117
223,Sacramento Kings,91,114,Denver Nuggets,77,110
223,Brooklyn Nets,82,104,Portland Trail Blazers,85,112
224,New York Knicks,80,105,Indiana Pacers,80,108
224,Charlotte Hornets,76,103,Cleveland Cavaliers,88,114
224,Philadelphia 76ers,61,91,Detroit Pistons,85,111
224,Minnesota Timberwolves,86,105,Toronto Raptors,87,114
224,Golden State Warriors,80,118,Miami Heat,83,112
224,Los Angeles Lakers,84,119,Memphis Grizzlies,97,128
224,Washington Wizards,79,104,Chicago Bulls,89,109
224,Oklahoma City Thunder,87,116,Dallas Mavericks,81,103
224,Denver Nuggets,71,87,LA Clippers,62,81
224,San Antonio Spurs,76,108,Sacramento Kings,70,92
225,Golden State Warriors,99,130,Orlando Magic,91,114
225,Milwaukee Bucks,73,107,Boston Celtics,88,112
225,Oklahoma City Thunder,87,119,New Orleans Pelicans,89,123
225,Brooklyn Nets,90,116,Phoenix Suns,71,106
225,Houston Rockets,86,119,Portland Trail Blazers,93,105
225,San Antonio Spurs,65,96,Utah Jazz,57,78
226,Washington Wizards,76,103,Philadelphia 76ers,72,94
226,Charlotte Hornets,77,96,Indiana Pacers,70,95
226,Orlando Magic,69,95,New York Knicks,82,108
226,Cleveland Cavaliers,77,97,Toronto Raptors,68,99
226,Chicago Bulls,67,88,Atlanta Hawks,79,103
226,Denver Nuggets,80,116,Dallas Mavericks,76,122
226,LA Clippers,98,117,Sacramento Kings,83,107
226,Memphis Grizzlies,90,112,Los Angeles Lakers,71,95
227,Miami Heat,70,89,Boston Celtics,72,101
227,Minnesota Timberwolves,76,112,New Orleans Pelicans,86,110
227,San Antonio Spurs,76,104,Houston Rockets,57,94
227,Portland Trail Blazers,79,103,Chicago Bulls,73,95
227,Detroit Pistons,80,102,Milwaukee Bucks,73,91
227,Golden State Warriors,78,121,Oklahoma City Thunder,83,118
227,Brooklyn Nets,70,98,Utah Jazz,61,96
227,Memphis Grizzlies,76,106,Phoenix Suns,86,111
228,Cleveland Cavaliers,70,99,Washington Wizards,96,113
228,Charlotte Hornets,57,76,Atlanta Hawks,68,87
228,Toronto Raptors,72,101,Detroit Pistons,89,114
228,Portland Trail Blazers,87,111,Indiana Pacers,77,102
228,Philadelphia 76ers,87,116,Orlando Magic,102,130
228,Minnesota Timberwolves,74,101,Dallas Mavericks,99,128
228,Miami Heat,69,98,New York Knicks,65,81
229,Indiana Pacers,73,96,Cleveland Cavaliers,74,100
229,Philadelphia 76ers,82,108,Washington Wizards,79,116
229,Utah Jazz,73,95,Boston Celtics,72,100
229,Houston Rockets,92,121,Milwaukee Bucks,92,128
229,Memphis Grizzlies,71,103,Denver Nuggets,71,96
229,Oklahoma City Thunder,94,131,Sacramento Kings,84,116
229,Brooklyn Nets,79,95,LA Clippers,81,105
301,Phoenix Suns,61,92,Charlotte Hornets,98,126
301,Portland Trail Blazers,85,104,New York Knicks,72,85
301,Chicago Bulls,82,111,Miami Heat,95,129
301,Orlando Magic,81,108,Dallas Mavericks,96,121
301,Brooklyn Nets,74,101,Los Angeles Lakers,79,107
301,Atlanta Hawks,70,105,Golden State Warriors,75,109
302,Chicago Bulls,67,89,Orlando Magic,84,102
302,Charlotte Hornets,83,119,Philadelphia 76ers,74,99
302,Portland Trail Blazers,67,93,Boston Celtics,91,116
302,Utah Jazz,74,94,Toronto Raptors,85,104
302,Sacramento Kings,78,98,Memphis Grizzlies,83,104
302,New Orleans Pelicans,76,95,Houston Rockets,76,100
302,Washington Wizards,85,104,Minnesota Timberwolves,77,98
302,Indiana Pacers,73,104,Milwaukee Bucks,63,99
302,Detroit Pistons,65,81,San Antonio Spurs,79,97
302,Los Angeles Lakers,82,107,Denver Nuggets,83,117
302,Oklahoma City Thunder,85,98,LA Clippers,68,103
303,Phoenix Suns,68,92,Miami Heat,84,108
303,San Antonio Spurs,68,94,New Orleans Pelicans,68,86
303,Sacramento Kings,73,104,Dallas Mavericks,69,101
303,Oklahoma City Thunder,83,106,Golden State Warriors,82,121
304,Miami Heat,84,112,Philadelphia 76ers,77,102
304,Indiana Pacers,82,101,Charlotte Hornets,80,108
304,Phoenix Suns,84,102,Orlando Magic,66,84
304,Portland Trail Blazers,77,115,Toronto Raptors,90,117
304,New York Knicks,87,104,Boston Celtics,81,105
304,Washington Wizards,63,83,Cleveland Cavaliers,83,108
304,Utah Jazz,72,88,Memphis Grizzlies,67,94
304,Minnesota Timberwolves,81,101,Milwaukee Bucks,98,116
304,Brooklyn Nets,90,121,Denver Nuggets,90,120
304,Atlanta Hawks,74,106,Los Angeles Lakers,59,77
305,Utah Jazz,84,106,New Orleans Pelicans,70,94
305,Boston Celtics,83,103,Cleveland Cavaliers,91,120
305,Indiana Pacers,78,100,Washington Wizards,80,99
305,Detroit Pistons,70,89,New York Knicks,79,102
305,Brooklyn Nets,79,118,Minnesota Timberwolves,97,132
305,Sacramento Kings,67,94,San Antonio Spurs,86,104
305,Houston Rockets,75,100,Chicago Bulls,83,108
305,Atlanta Hawks,80,107,LA Clippers,79,97
306,Golden State Warriors,73,95,Los Angeles Lakers,84,112
306,Oklahoma City Thunder,84,104,Milwaukee Bucks,79,96
306,Phoenix Suns,85,109,Memphis Grizzlies,74,100
306,Dallas Mavericks,79,114,Denver Nuggets,77,116
306,Portland Trail Blazers,75,103,Detroit Pistons,85,123
306,Philadelphia 76ers,69,98,Miami Heat,69,103
306,Houston Rockets,77,113,Toronto Raptors,85,107
307,Minnesota Timberwolves,75,103,Charlotte Hornets,82,108
307,Memphis Grizzlies,82,106,Cleveland Cavaliers,74,103
307,San Antonio Spurs,62,91,Indiana Pacers,73,99
307,Sacramento Kings,89,112,New Orleans Pelicans,83,115
307,Milwaukee Bucks,69,90,Chicago Bulls,73,100
307,LA Clippers,83,109,Dallas Mavericks,68,90
307,Orlando Magic,77,113,Golden State Warriors,94,119
308,Brooklyn Nets,80,99,Toronto Raptors,78,104
308,San Antonio Spurs,93,116,Minnesota Timberwolves,68,91
308,Atlanta Hawks,66,91,Utah Jazz,57,84
308,New York Knicks,68,94,Denver Nuggets,82,110
308,Washington Wizards,81,109,Portland Trail Blazers,85,116
308,Orlando Magic,77,98,Los Angeles Lakers,84,107
309,Miami Heat,85,108,Milwaukee Bucks,80,114
309,New Orleans Pelicans,90,113,Charlotte Hornets,99,122
309,Houston Rockets,93,118,Philadelphia 76ers,79,104
309,Memphis Grizzlies,67,96,Boston Celtics,83,116
309,Detroit Pistons,76,102,Dallas Mavericks,74,96
309,LA Clippers,83,108,Oklahoma City Thunder,93,120
309,Cleveland Cavaliers,89,120,Sacramento Kings,84,111
309,New York Knicks,88,128,Phoenix Suns,75,97
309,Utah Jazz,63,94,Golden State Warriors,81,115
310,Atlanta Hawks,75,96,Toronto Raptors,82,104
310,Chicago Bulls,74,101,San Antonio Spurs,84,109
310,Phoenix Suns,74,98,Denver Nuggets,82,116
310,Cleveland Cavaliers,95,120,Los Angeles Lakers,82,108
311,Brooklyn Nets,67,89,Philadelphia 76ers,72,95
311,Detroit Pistons,81,103,Charlotte Hornets,88,118
311,Houston Rockets,77,102,Boston Celtics,73,98
311,New Orleans Pelicans,66,114,Memphis Grizzlies,73,121
311,Minnesota Timberwolves,69,99,Oklahoma City Thunder,73,96
311,Miami Heat,84,118,Chicago Bulls,81,96
311,Washington Wizards,68,93,Utah Jazz,88,114
311,Orlando Magic,80,107,Sacramento Kings,75,100
311,New York Knicks,74,94,LA Clippers,76,101
311,Portland Trail Blazers,86,112,Golden State Warriors,110,128
312,Indiana Pacers,83,112,Dallas Mavericks,75,105
312,Detroit Pistons,90,125,Philadelphia 76ers,87,111
312,Houston Rockets,87,109,Charlotte Hornets,90,125
312,Miami Heat,71,104,Toronto Raptors,70,112
312,New Orleans Pelicans,71,92,Milwaukee Bucks,77,103
312,Memphis Grizzlies,58,83,Atlanta Hawks,71,95
312,Oklahoma City Thunder,68,85,San Antonio Spurs,66,93
312,Washington Wizards,83,100,Denver Nuggets,75,116
312,Orlando Magic,65,84,Portland Trail Blazers,90,121
312,Phoenix Suns,95,116,Golden State Warriors,86,123
313,Cleveland Cavaliers,91,114,LA Clippers,68,90
313,Indiana Pacers,56,75,Atlanta Hawks,89,104
313,Utah Jazz,84,108,Sacramento Kings,69,99
313,Milwaukee Bucks,78,109,Brooklyn Nets,79,100
313,New York Knicks,65,90,Los Angeles Lakers,60,87
314,Detroit Pistons,63,81,Washington Wizards,93,124
314,Dallas Mavericks,71,107,Charlotte Hornets,65,96
314,Denver Nuggets,91,119,Miami Heat,90,124
314,Chicago Bulls,84,109,Toronto Raptors,77,107
314,Memphis Grizzlies,56,81,Houston Rockets,97,130
314,Portland Trail Blazers,72,94,Oklahoma City Thunder,102,128
314,Cleveland Cavaliers,66,85,Utah Jazz,66,94
314,Minnesota Timberwolves,78,104,Phoenix Suns,76,107
314,New Orleans Pelicans,69,107,Golden State Warriors,94,125
315,Boston Celtics,70,98,Indiana Pacers,71,103
315,Denver Nuggets,79,110,Orlando Magic,85,116
315,Philadelphia 76ers,83,114,Brooklyn Nets,100,131
315,Toronto Raptors,81,107,Milwaukee Bucks,66,89
315,LA Clippers,70,87,San Antonio Spurs,71,108
315,Sacramento Kings,79,106,Los Angeles Lakers,67,98
316,Orlando Magic,71,99,Charlotte Hornets,92,107
316,Dallas Mavericks,68,98,Cleveland Cavaliers,84,99
316,Chicago Bulls,74,96,Washington Wizards,92,117
316,Oklahoma City Thunder,108,130,Boston Celtics,81,109
316,Atlanta Hawks,87,118,Detroit Pistons,88,114
316,Minnesota Timberwolves,90,114,Memphis Grizzlies,78,108
316,LA Clippers,97,122,Houston Rockets,75,106
316,New Orleans Pelicans,98,123,Sacramento Kings,83,108
316,New York Knicks,64,85,Golden State Warriors,97,121
317,Washington Wizards,73,99,Philadelphia 76ers,61,94
317,Toronto Raptors,63,101,Indiana Pacers,60,94
317,Charlotte Hornets,82,109,Miami Heat,73,106
317,Denver Nuggets,76,98,Atlanta Hawks,87,116
317,Memphis Grizzlies,73,86,Milwaukee Bucks,68,96
317,Brooklyn Nets,74,102,Chicago Bulls,79,118
317,Portland Trail Blazers,78,110,San Antonio Spurs,95,118
317,Phoenix Suns,54,69,Utah Jazz,71,103
318,Oklahoma City Thunder,85,111,Philadelphia 76ers,68,97
318,Cleveland Cavaliers,83,109,Orlando Magic,86,103
318,Sacramento Kings,83,108,Detroit Pistons,87,115
318,Boston Celtics,74,91,Toronto Raptors,79,105
318,Portland Trail Blazers,93,117,New Orleans Pelicans,81,112
318,Minnesota Timberwolves,78,111,Houston Rockets,88,116
318,Golden State Warriors,94,130,Dallas Mavericks,85,112
318,Phoenix Suns,68,95,Los Angeles Lakers,54,90
319,Denver Nuggets,78,101,Charlotte Hornets,62,93
319,Oklahoma City Thunder,88,115,Indiana Pacers,87,111
319,Brooklyn Nets,77,103,Detroit Pistons,77,115
319,New York Knicks,66,89,Washington Wizards,76,99
319,Cleveland Cavaliers,70,101,Miami Heat,98,122
319,Houston Rockets,83,97,Atlanta Hawks,82,109
319,Utah Jazz,67,85,Chicago Bulls,79,92
319,LA Clippers,75,102,Memphis Grizzlies,85,113
319,Golden State Warriors,65,79,San Antonio Spurs,65,87
320,Portland Trail Blazers,82,120,Dallas Mavericks,90,132
320,Orlando Magic,82,100,Toronto Raptors,80,105
320,Boston Celtics,88,120,Philadelphia 76ers,79,105
320,LA Clippers,72,105,New Orleans Pelicans,78,109
320,Utah Jazz,73,94,Milwaukee Bucks,59,85
320,Sacramento Kings,69,88,New York Knicks,65,80
321,Philadelphia 76ers,56,75,Indiana Pacers,66,91
321,Denver Nuggets,72,91,Cleveland Cavaliers,87,124
321,San Antonio Spurs,72,88,Charlotte Hornets,67,91
321,Milwaukee Bucks,74,91,Detroit Pistons,65,92
321,Orlando Magic,78,96,Boston Celtics,91,107
321,Washington Wizards,89,117,Atlanta Hawks,86,102
321,Sacramento Kings,81,102,Chicago Bulls,82,109
321,Golden State Warriors,89,109,Minnesota Timberwolves,89,104
321,Memphis Grizzlies,70,103,Phoenix Suns,73,97
322,Charlotte Hornets,67,105,Brooklyn Nets,64,100
322,Houston Rockets,77,107,Oklahoma City Thunder,78,111
322,Miami Heat,86,113,New Orleans Pelicans,73,99
322,Memphis Grizzlies,78,100,Los Angeles Lakers,81,107
323,Atlanta Hawks,81,122,Washington Wizards,75,101
323,Toronto Raptors,62,79,Boston Celtics,69,91
323,Orlando Magic,87,102,Detroit Pistons,96,118
323,New York Knicks,92,115,Chicago Bulls,73,107
323,Milwaukee Bucks,87,104,Cleveland Cavaliers,91,113
323,Sacramento Kings,72,104,Minnesota Timberwolves,84,113
323,Utah Jazz,60,89,Houston Rockets,66,87
323,Miami Heat,63,88,San Antonio Spurs,88,112
323,Philadelphia 76ers,73,103,Denver Nuggets,75,104
323,Los Angeles Lakers,74,107,Phoenix Suns,83,119
323,LA Clippers,72,98,Golden State Warriors,81,114
323,Dallas Mavericks,73,103,Portland Trail Blazers,83,109
324,New Orleans Pelicans,61,84,Indiana Pacers,70,92
324,Cleveland Cavaliers,83,95,Brooklyn Nets,80,104
324,Chicago Bulls,65,94,New York Knicks,80,106
324,Utah Jazz,60,91,Oklahoma City Thunder,81,113
324,Portland Trail Blazers,65,94,LA Clippers,65,96
325,Minnesota Timberwolves,85,132,Washington Wizards,89,129
325,Charlotte Hornets,76,105,Detroit Pistons,98,112
325,Milwaukee Bucks,71,90,Atlanta Hawks,75,101
325,Toronto Raptors,78,109,Houston Rockets,79,112
325,Orlando Magic,69,97,Miami Heat,85,108
325,Memphis Grizzlies,84,104,San Antonio Spurs,88,110
325,Phoenix Suns,67,94,Sacramento Kings,89,116
325,Denver Nuggets,83,116,Los Angeles Lakers,77,105
325,Dallas Mavericks,89,120,Golden State Warriors,102,128
326,Indiana Pacers,93,110,Brooklyn Nets,85,120
326,Toronto Raptors,85,115,New Orleans Pelicans,61,91
326,Chicago Bulls,71,89,Orlando Magic,89,111
326,Atlanta Hawks,83,112,Detroit Pistons,74,95
326,Cleveland Cavaliers,89,107,New York Knicks,72,93
326,Utah Jazz,60,93,Minnesota Timberwolves,59,84
326,San Antonio Spurs,63,92,Oklahoma City Thunder,83,111
326,Charlotte Hornets,90,115,Milwaukee Bucks,64,91
326,Boston Celtics,81,102,Phoenix Suns,75,99
326,Philadelphia 76ers,74,105,Portland Trail Blazers,86,108
327,Denver Nuggets,60,90,LA Clippers,77,105
327,Dallas Mavericks,79,111,Sacramento Kings,102,133
327,Houston Rockets,79,101,Indiana Pacers,81,104
327,Philadelphia 76ers,79,105,Golden State Warriors,96,117
327,Washington Wizards,77,101,Los Angeles Lakers,59,88
328,Brooklyn Nets,75,99,Miami Heat,82,110
328,Oklahoma City Thunder,97,119,Toronto Raptors,74,100
328,Phoenix Suns,84,116,Minnesota Timberwolves,99,121
328,Atlanta Hawks,80,102,Chicago Bulls,71,100
328,San Antonio Spurs,81,101,Memphis Grizzlies,68,87
328,New York Knicks,64,91,New Orleans Pelicans,68,99
328,Dallas Mavericks,72,97,Denver Nuggets,66,88
328,Los Angeles Lakers,58,75,Utah Jazz,98,123
328,Sacramento Kings,63,93,Portland Trail Blazers,91,105
328,Boston Celtics,70,90,LA Clippers,92,114
329,Brooklyn Nets,73,105,Orlando Magic,103,139
329,Chicago Bulls,84,98,Indiana Pacers,84,96
329,Charlotte Hornets,77,100,Philadelphia 76ers,62,85
329,Oklahoma City Thunder,57,82,Detroit Pistons,71,88
329,Houston Rockets,71,106,Cleveland Cavaliers,84,100
329,Washington Wizards,72,94,Golden State Warriors,79,102
330,Atlanta Hawks,67,97,Toronto Raptors,89,105
330,Denver Nuggets,84,109,Memphis Grizzlies,68,105
330,LA Clippers,79,99,Minnesota Timberwolves,53,79
330,Phoenix Suns,75,94,Milwaukee Bucks,80,105
330,New Orleans Pelicans,55,92,San Antonio Spurs,73,100
330,New York Knicks,74,89,Dallas Mavericks,67,91
330,Golden State Warriors,63,103,Utah Jazz,69,96
330,Washington Wizards,83,111,Sacramento Kings,89,120
330,Miami Heat,67,100,Los Angeles Lakers,67,102
331,Orlando Magic,89,114,Indiana Pacers,79,94
331,Brooklyn Nets,63,87,Cleveland Cavaliers,89,107
331,Chicago Bulls,71,103,Houston Rockets,80,100
331,Denver Nuggets,78,95,New Orleans Pelicans,77,101
331,LA Clippers,97,117,Oklahoma City Thunder,93,119
331,Boston Celtics,83,109,Portland Trail Blazers,81,116
401,Philadelphia 76ers,66,91,Charlotte Hornets,81,100
401,Brooklyn Nets,70,91,New York Knicks,77,105
401,Dallas Mavericks,71,98,Detroit Pistons,61,89
401,Cleveland Cavaliers,77,110,Atlanta Hawks,71,108
401,Toronto Raptors,74,99,Memphis Grizzlies,72,95
401,Orlando Magic,85,110,Milwaukee Bucks,84,113
401,Minnesota Timberwolves,68,85,Utah Jazz,77,98
401,Miami Heat,92,112,Sacramento Kings,76,106
401,Boston Celtics,82,109,Golden State Warriors,79,106
401,Washington Wizards,77,106,Phoenix Suns,79,99
402,Indiana Pacers,74,115,Philadelphia 76ers,77,102
402,Detroit Pistons,70,94,Chicago Bulls,65,90
402,Toronto Raptors,66,95,San Antonio Spurs,71,102
402,Sacramento Kings,84,115,Denver Nuggets,88,106
402,Miami Heat,67,93,Portland Trail Blazers,87,110
403,New Orleans Pelicans,75,106,Brooklyn Nets,66,87
403,Dallas Mavericks,68,88,Minnesota Timberwolves,63,78
403,Charlotte Hornets,71,103,Cleveland Cavaliers,86,112
403,Oklahoma City Thunder,82,110,Houston Rockets,80,118
403,Washington Wizards,73,109,LA Clippers,84,114
403,Utah Jazz,74,101,Phoenix Suns,64,86
403,Memphis Grizzlies,85,107,Orlando Magic,97,119
403,Chicago Bulls,79,102,Milwaukee Bucks,73,98
403,Indiana Pacers,74,92,New York Knicks,65,87
403,Portland Trail Blazers,89,111,Golden State Warriors,101,136
403,Boston Celtics,77,107,Los Angeles Lakers,75,100
405,New Orleans Pelicans,73,93,Philadelphia 76ers,88,107
405,Detroit Pistons,63,89,Miami Heat,82,107
405,Charlotte Hornets,59,90,Toronto Raptors,75,96
405,Phoenix Suns,73,90,Atlanta Hawks,70,103
405,Chicago Bulls,65,92,Memphis Grizzlies,83,108
405,Cleveland Cavaliers,93,109,Milwaukee Bucks,67,80
405,San Antonio Spurs,67,88,Utah Jazz,53,86
405,Oklahoma City Thunder,107,124,Denver Nuggets,77,102
405,Portland Trail Blazers,84,115,Sacramento Kings,80,107
405,Minnesota Timberwolves,78,124,Golden State Warriors,86,117
405,Los Angeles Lakers,60,81,LA Clippers,84,103
406,Brooklyn Nets,75,103,Washington Wizards,88,121
406,Cleveland Cavaliers,82,109,Indiana Pacers,96,123
406,Detroit Pistons,73,108,Orlando Magic,77,104
406,New Orleans Pelicans,73,97,Boston Celtics,76,104
406,Charlotte Hornets,81,111,New York Knicks,72,97
406,Houston Rockets,71,86,Dallas Mavericks,70,88
406,Oklahoma City Thunder,83,115,Portland Trail Blazers,99,120
406,LA Clippers,73,91,Los Angeles Lakers,61,81
407,Phoenix Suns,89,124,Houston Rockets,90,115
407,Toronto Raptors,63,87,Atlanta Hawks,70,95
407,Chicago Bulls,69,98,Miami Heat,75,106
407,Minnesota Timberwolves,83,105,Sacramento Kings,76,97
407,San Antonio Spurs,69,101,Golden State Warriors,87,112
408,Brooklyn Nets,64,99,Charlotte Hornets,84,113
408,New York Knicks,82,109,Philadelphia 76ers,74,102
408,Miami Heat,80,109,Orlando Magic,79,112
408,Washington Wizards,84,99,Detroit Pistons,86,112
408,Indiana Pacers,66,98,Toronto Raptors,82,111
408,Milwaukee Bucks,80,109,Boston Celtics,101,124
408,Los Angeles Lakers,67,102,New Orleans Pelicans,87,110
408,Memphis Grizzlies,68,93,Dallas Mavericks,74,103
408,San Antonio Spurs,72,98,Denver Nuggets,77,102
408,LA Clippers,76,102,Utah Jazz,72,99
409,Phoenix Suns,85,121,New Orleans Pelicans,67,100
409,Boston Celtics,91,107,Atlanta Hawks,93,118
409,Golden State Warriors,70,100,Memphis Grizzlies,78,99
409,Cleveland Cavaliers,82,102,Chicago Bulls,79,105
409,Minnesota Timberwolves,75,106,Portland Trail Blazers,72,105
409,Oklahoma City Thunder,84,112,Sacramento Kings,83,114
410,Charlotte Hornets,74,98,Washington Wizards,86,113
410,Los Angeles Lakers,80,110,Houston Rockets,88,130
410,Dallas Mavericks,59,91,LA Clippers,76,98
410,Utah Jazz,82,100,Denver Nuggets,62,84
410,Milwaukee Bucks,76,109,Philadelphia 76ers,70,108
410,Brooklyn Nets,72,105,Indiana Pacers,104,129
410,Orlando Magic,69,96,Miami Heat,89,118
410,Golden State Warriors,62,92,San Antonio Spurs,61,86
410,Toronto Raptors,75,93,New York Knicks,69,89
411,Milwaukee Bucks,73,98,Orlando Magic,85,107
411,Atlanta Hawks,75,94,Cleveland Cavaliers,90,109
411,Charlotte Hornets,94,114,Boston Celtics,72,100
411,Washington Wizards,100,120,Brooklyn Nets,98,111
411,Los Angeles Lakers,61,79,Oklahoma City Thunder,89,112
411,Chicago Bulls,89,121,New Orleans Pelicans,88,116
411,Houston Rockets,103,129,Minnesota Timberwolves,74,105
411,Dallas Mavericks,71,101,Utah Jazz,64,92
411,Sacramento Kings,87,105,Phoenix Suns,72,101
412,New York Knicks,70,90,Indiana Pacers,79,102
412,Miami Heat,71,99,Detroit Pistons,69,93
412,Philadelphia 76ers,74,98,Toronto Raptors,87,122
412,Oklahoma City Thunder,72,98,San Antonio Spurs,74,102
412,Memphis Grizzlies,64,84,LA Clippers,84,110
413,Sacramento Kings,64,81,Houston Rockets,92,116
413,San Antonio Spurs,65,96,Dallas Mavericks,67,91
413,New Orleans Pelicans,79,109,Minnesota Timberwolves,106,144
413,Toronto Raptors,78,103,Brooklyn Nets,66,96
413,Atlanta Hawks,76,98,Washington Wizards,84,109
413,Indiana Pacers,78,97,Milwaukee Bucks,70,92
413,Detroit Pistons,82,112,Cleveland Cavaliers,72,110
413,Philadelphia 76ers,73,105,Chicago Bulls,86,115
413,Miami Heat,67,88,Boston Celtics,63,98
413,Orlando Magic,79,103,Charlotte Hornets,86,117
413,Utah Jazz,75,96,Los Angeles Lakers,66,101
413,Memphis Grizzlies,81,104,Golden State Warriors,102,125
413,Denver Nuggets,79,99,Portland Trail Blazers,87,107
413,LA Clippers,75,105,Phoenix Suns,85,114
416,Indiana Pacers,70,100,Toronto Raptors,67,90
416,Houston Rockets,60,78,Golden State Warriors,82,104
416,Boston Celtics,65,101,Atlanta Hawks,72,102
416,Dallas Mavericks,51,70,Oklahoma City Thunder,93,108
417,Detroit Pistons,78,101,Cleveland Cavaliers,76,106
417,Charlotte Hornets,74,91,Miami Heat,97,123
417,Memphis Grizzlies,51,74,San Antonio Spurs,81,106
417,Portland Trail Blazers,66,95,LA Clippers,81,115
418,Indiana Pacers,66,87,Toronto Raptors,74,98
418,Dallas Mavericks,59,85,Oklahoma City Thunder,62,84
418,Houston Rockets,79,106,Golden State Warriors,86,115
419,Boston Celtics,46,72,Atlanta Hawks,61,89
419,Memphis Grizzlies,53,68,San Antonio Spurs,70,94
420,Charlotte Hornets,78,103,Miami Heat,91,115
420,Detroit Pistons,68,90,Cleveland Cavaliers,82,107
420,Portland Trail Blazers,61,81,LA Clippers,67,102
421,Oklahoma City Thunder,97,131,Dallas Mavericks,78,102
421,Toronto Raptors,71,101,Indiana Pacers,59,85
421,Golden State Warriors,72,96,Houston Rockets,78,97
422,Cleveland Cavaliers,79,101,Detroit Pistons,73,91
422,Atlanta Hawks,78,103,Boston Celtics,79,111
422,San Antonio Spurs,70,96,Memphis Grizzlies,71,87
423,Toronto Raptors,58,83,Indiana Pacers,73,100
423,Miami Heat,58,80,Charlotte Hornets,75,96
423,Oklahoma City Thunder,89,119,Dallas Mavericks,79,108
423,LA Clippers,67,88,Portland Trail Blazers,70,96
424,San Antonio Spurs,84,116,Memphis Grizzlies,66,95
424,Golden State Warriors,97,121,Houston Rockets,76,94
424,Atlanta Hawks,73,95,Boston Celtics,70,104
424,Cleveland Cavaliers,81,100,Detroit Pistons,78,98
425,Miami Heat,61,85,Charlotte Hornets,69,89
425,Dallas Mavericks,83,104,Oklahoma City Thunder,93,118
425,LA Clippers,64,84,Portland Trail Blazers,66,98
426,Boston Celtics,62,83,Atlanta Hawks,89,110
426,Indiana Pacers,90,99,Toronto Raptors,77,102
427,Charlotte Hornets,65,90,Miami Heat,71,88
427,Portland Trail Blazers,71,108,LA Clippers,71,98
427,Houston Rockets,59,81,Golden State Warriors,89,114
428,Atlanta Hawks,80,104,Boston Celtics,59,92
429,Miami Heat,75,97,Charlotte Hornets,70,90
429,Toronto Raptors,64,83,Indiana Pacers,71,101
429,LA Clippers,82,103,Portland Trail Blazers,80,106
430,Oklahoma City Thunder,66,92,San Antonio Spurs,105,124
501,Portland Trail Blazers,73,106,Golden State Warriors,93,118
501,Indiana Pacers,64,84,Toronto Raptors,78,89
501,Charlotte Hornets,53,73,Miami Heat,83,106
502,Atlanta Hawks,70,93,Cleveland Cavaliers,74,104
502,Oklahoma City Thunder,77,98,San Antonio Spurs,76,97
503,Miami Heat,68,102,Toronto Raptors,63,96
503,Portland Trail Blazers,87,99,Golden State Warriors,76,110
504,Atlanta Hawks,70,98,Cleveland Cavaliers,106,123
505,Miami Heat,65,92,Toronto Raptors,63,96
506,Cleveland Cavaliers,85,121,Atlanta Hawks,91,108
506,San Antonio Spurs,72,100,Oklahoma City Thunder,69,96
507,Toronto Raptors,68,95,Miami Heat,68,91
507,Golden State Warriors,80,108,Portland Trail Blazers,93,120
508,Cleveland Cavaliers,81,100,Atlanta Hawks,77,99
508,San Antonio Spurs,81,97,Oklahoma City Thunder,77,111
509,Toronto Raptors,62,87,Miami Heat,60,94
509,Golden State Warriors,86,132,Portland Trail Blazers,85,125
510,Oklahoma City Thunder,69,95,San Antonio Spurs,72,91
511,Miami Heat,62,91,Toronto Raptors,75,99
511,Portland Trail Blazers,91,121,Golden State Warriors,93,125
512,San Antonio Spurs,65,99,Oklahoma City Thunder,91,113
513,Toronto Raptors,72,91,Miami Heat,82,103
515,Miami Heat,78,89,Toronto Raptors,86,116
516,Oklahoma City Thunder,85,108,Golden State Warriors,88,102
517,Toronto Raptors,67,84,Cleveland Cavaliers,95,115
518,Oklahoma City Thunder,68,91,Golden State Warriors,88,118
519,Toronto Raptors,69,89,Cleveland Cavaliers,86,108
521,Cleveland Cavaliers,70,84,Toronto Raptors,80,99
522,Golden State Warriors,80,105,Oklahoma City Thunder,117,133
523,Cleveland Cavaliers,69,99,Toronto Raptors,78,105
524,Golden State Warriors,82,94,Oklahoma City Thunder,94,118
525,Toronto Raptors,60,78,Cleveland Cavaliers,100,116
526,Oklahoma City Thunder,77,111,Golden State Warriors,81,120
527,Cleveland Cavaliers,86,113,Toronto Raptors,74,87
528,Golden State Warriors,75,108,Oklahoma City Thunder,83,101
530,Oklahoma City Thunder,60,88,Golden State Warriors,71,96
602,Cleveland Cavaliers,68,89,Golden State Warriors,74,104
605,Cleveland Cavaliers,62,77,Golden State Warriors,82,110
608,Golden State Warriors,69,90,Cleveland Cavaliers,89,120
610,Golden State Warriors,79,108,Cleveland Cavaliers,77,97
613,Cleveland Cavaliers,93,112,Golden State Warriors,84,97
616,Golden State Warriors,71,101,Cleveland Cavaliers,80,115
619,Cleveland Cavaliers,75,93,Golden State Warriors,76,89